<?xml version="1.0" encoding="windows-1251"?>
<string_table>

	<string id="st_save_only_when_sleeping">
		<text>Saves only occur when sleeping.</text>
	</string>

<string id="st_soulslike_rescuer_initial_generic">
	<text>When you wake up you find yourself in a familiar place but with no idea how you got here.</text>
</string>

<string id="st_soulslike_rescuer_food_generic">
	<text>Looking for your things you find someone left you something to eat and drink.</text>
</string>

<string id="st_soulslike_rescuer_pda_generic">
	<text>There appears to be a marker on your PDA where you were found.</text>
</string>


<string id="st_soulslike_rescuer_initial_1">
	<text>Hi! I just wanted to see how you're feeling. You were almost dead when I found you.</text>
</string>

<string id="st_soulslike_rescuer_initial_2">
    <text>I can't believe you are still with us!  I couldn't believe you were still breathing when I found you.</text>
</string>

<string id="st_soulslike_rescuer_initial_3">
    <text>Hey, how are you doing? I'm glad to see that you're feeling better now. You were in a really bad way when I found you.</text>
</string>

<string id="st_soulslike_rescuer_initial_4">
    <text>Hi! Just wanted to check in and see how you're feeling. You were really beat up when I found you.</text>
</string>

<string id="st_soulslike_rescuer_initial_5">
    <text>Hey, hope you're on the mend now. I was worried when I found you in such a bad state.</text>
</string>

<string id="st_soulslike_rescuer_initial_6">
    <text>Hi there! I hope you're doing better now. You were really struggling when I found you!</text>
</string>

<string id="st_soulslike_rescuer_initial_7">
    <text>Hey, how are you feeling? I'm glad you're doing better now, you were in a really bad way when I first saw you.</text>
</string>

<string id="st_soulslike_rescuer_initial_8">
    <text>Hi! Just wanted to say that I hope you're feeling better. You looked dead when I found you.</text>
</string>

<string id="st_soulslike_rescuer_initial_9">
    <text>Hey, hope you're feeling better now. You were in a pretty bad state when I first came across you!</text>
</string>

<string id="st_soulslike_rescuer_initial_10">
    <text>Hi there! I'm so glad to see that you're feeling better. You were really in a bad way when I found you!</text>
</string>

<string id="st_soulslike_rescuer_initial_11">
    <text>Hey, just wanted to check in and see how you're doing. I'm relieved to see that you're feeling better now. You were in a pretty bad shape when I found you.</text>
</string>

<string id="st_soulslike_rescuer_initial_12">
    <text>Hi! I hope you're feeling better now. You were really struggling when I found you.</text>
</string>

<string id="st_soulslike_rescuer_initial_13">
    <text>Hey, how are you doing? I'm happy to see that you're feeling better now. You were in a really rough spot when I found you.</text>
</string>

<string id="st_soulslike_rescuer_initial_14">
    <text>Hi there! I hope you're doing better. You were pretty fucked up when I found you.</text>
</string>

<string id="st_soulslike_rescuer_initial_15">
    <text>Hey, hope you're feeling better now. You were in a really bad state when I first saw you. I'm glad to see that you're on the mend.</text>
</string>

<string id="st_soulslike_rescuer_initial_16">
    <text>Hey hope you are feeling better. You were in pretty bad shape when I found you!</text>
</string>


<string id="st_soulslike_rescuer_food_1">
    <text>I left something for you to eat and drink for when you wake up.</text>
</string>

<string id="st_soulslike_rescuer_food_2">
    <text>I left you some food and drink to enjoy when you wake up.</text>
</string>

<string id="st_soulslike_rescuer_food_3">
    <text>I left you a little something to eat and drink when you wake up.</text>
</string>

<string id="st_soulslike_rescuer_food_4">
    <text>I made sure to leave you some food and drink for when you wake up.</text>
</string>

<string id="st_soulslike_rescuer_food_5">
    <text>I left you a little something to eat and drink.</text>
</string>

<string id="st_soulslike_rescuer_pda_1">
    <text>I added a marker where I found you to your PDA. Hopefully you can get back some of your things.</text>
</string>

<string id="st_soulslike_rescuer_pda_2">
    <text>I added a marker to your PDA so you can hopefully retrieve some of your belongings from where I found you.</text>
</string>

<string id="st_soulslike_rescuer_pda_3">
    <text>A marker has been added to your PDA to help you locate the spot where you were found, in hopes that you can recover some of your lost items.</text>
</string>

<string id="st_soulslike_rescuer_pda_4">
    <text>Your PDA now has a marker indicating the location where I found you, which may help you retrieve some of your things.</text>
</string>

<string id="st_soulslike_rescuer_pda_5">
    <text>To help you retrieve some of your belongings, I have added a marker to your PDA showing the location where I found you.</text>
</string>

<string id="st_soulslike_rescuer_pda_6">
    <text>I added a marker on your PDA to indicate where I found you. You might be able to recover some of your lost items from there.</text>
</string>

<string id="st_soulslike_rescuer_pda_7">
    <text>Your PDA has been marked with the location where I found you. Hopefully, this will help you retrieve some of your things.</text>
</string>

<string id="st_soulslike_rescuer_pda_8">
    <text>I marked the spot where I found you on your PDA so that you can possibly recover some of your belongings.</text>
</string>

<string id="st_soulslike_rescuer_pda_9">
    <text>Your PDA now includes a marker that shows where I found you, which may help you find and recover some of your lost items.</text>
</string>

<string id="st_soulslike_rescuer_pda_10">
    <text>I added a marker to your PDA so that you can locate the spot where I found you and hopefully get back some of your belongings.</text>
</string>

<string id="st_soulslike_rescuer_pda_11">
    <text>Your PDA has been marked with a location that corresponds to where I found you. With any luck, this will help you recover some of your lost items.</text>
</string>

<string id="st_soulslike_rescuer_pda_12">
    <text>I've added a marker to your PDA to show you where I found you, in hopes that you can retrieve some of your things from that location.</text>
</string>

<string id="st_soulslike_rescuer_pda_13">
    <text>Your PDA now contains a marker indicating the location where I found you. Hopefully, this will help you recover some of your belongings.</text>
</string>

<string id="st_soulslike_rescuer_pda_14">
    <text>I added a marker to your PDA to help you locate the spot where I found you, with the possibility of finding some of your lost items there.</text>
</string>

<string id="st_soulslike_rescuer_pda_15">
    <text>Your PDA has been marked with the location where I found you. You might be able to recover some of your belongings by checking that area.</text>
</string>

<string id="st_soulslike_rescuer_pda_16">
    <text>I marked the location where I found you on your PDA. This might help you recover some of your lost items.</text>
</string>




<string id="st_soulslike_rescuer_used_items_1">
    <text>I had to use some of the things you had on you to get you out of there alive. </text>
</string>

<string id="st_soulslike_rescuer_used_items_2">
    <text>In order to save your life, I had to use some of the items you were carrying on you. </text>
</string>

<string id="st_soulslike_rescuer_used_items_3">
    <text>I had to use some of your belongings to rescue you and keep you alive. </text>
</string>

<string id="st_soulslike_rescuer_used_items_4">
    <text>To ensure your survival, I had to use some of the things you had on you. </text>
</string>

<string id="st_soulslike_rescuer_used_items_5">
    <text>I used some of your possessions to get you out of there alive. </text>
</string>

<string id="st_soulslike_rescuer_used_items_6">
    <text>I had to use a few of your personal items to rescue you and keep you from harm. </text>
</string>

<string id="st_soulslike_rescuer_used_items_7">
    <text>To save your life, I had to utilize some of the things you had on you. </text>
</string>

<string id="st_soulslike_rescuer_used_items_8">
    <text>I had to use some of your own belongings to ensure your survival and get you out of there. </text>
</string>

<string id="st_soulslike_rescuer_used_items_9">
    <text>In order to get you out of there alive, I had to make use of some of the things you were carrying. </text>
</string>

<string id="st_soulslike_rescuer_used_items_10">
    <text>To save your life, I had to make use of some of your personal effects. </text>
</string>

<string id="st_soulslike_rescuer_used_items_11">
    <text>I used some of your belongings to help you survive and get out of there. </text>
</string>

<string id="st_soulslike_rescuer_used_items_12">
    <text>In order to rescue you and keep you alive, I had to use some of the things you had with you. </text>
</string>

<string id="st_soulslike_rescuer_used_items_13">
    <text>I had to utilize some of your personal items to get you out of there alive and safe. </text>
</string>

<string id="st_soulslike_rescuer_used_items_14">
    <text>To ensure your survival, I had to make use of some of your possessions. </text>
</string>

<string id="st_soulslike_rescuer_used_items_15">
    <text>I used some of your belongings to keep you alive and get you out of there safely. </text>
</string>

<string id="st_soulslike_rescuer_used_items_16">
    <text>I had to make use of some of the things you had on you to rescue you and ensure your survival. </text>
</string>


<string id="st_soulslike_rescuer_stay_safe_1">
    <text>Keep safe, Stalker.</text>
</string>

<string id="st_soulslike_rescuer_stay_safe_2">
    <text>Take care, Stalker.</text>
</string>

<string id="st_soulslike_rescuer_stay_safe_3">
    <text>Stay safe out there, Stalker.</text>
</string>

<string id="st_soulslike_rescuer_stay_safe_4">
    <text>Be safe, Stalker.</text>
</string>

<string id="st_soulslike_rescuer_stay_safe_5">
    <text>Stay out of trouble, Stalker.</text>
</string>

<string id="st_soulslike_rescuer_stay_safe_6">
    <text>Stay alert and stay safe, Stalker.</text>
</string>

<string id="st_soulslike_rescuer_stay_safe_7">
    <text>Keep yourself safe, Stalker.</text>
</string>

<string id="st_soulslike_rescuer_stay_safe_8">
    <text>Stay cautious and stay safe, Stalker.</text>
</string>

<string id="st_soulslike_rescuer_stay_safe_9">
    <text>Stay alive out there, Stalker.</text>
</string>

<string id="st_soulslike_rescuer_stay_safe_10">
    <text>Keep yourself out of harm's way, Stalker.</text>
</string>

<string id="st_soulslike_rescuer_stay_safe_11">
    <text>Stay out of danger, Stalker.</text>
</string>

<string id="st_soulslike_rescuer_stay_safe_12">
    <text>Be vigilant and stay safe, Stalker.</text>
</string>

<string id="st_soulslike_rescuer_stay_safe_13">
    <text>Keep yourself protected, Stalker.</text>
</string>

<string id="st_soulslike_rescuer_stay_safe_14">
    <text>Stay on your toes and stay safe, Stalker.</text>
</string>

<string id="st_soulslike_rescuer_stay_safe_15">
    <text>Stay safe and stay alive, Stalker.</text>
</string>

</string_table>
